cam_id,file_path
0,/mnt/image/image-inbox/0CAM/images.jpg
0,/mnt/image/image-inbox/0CAM/garnalenkroket2.jpg
0,/mnt/image/image-inbox/0CAM/ID1234_20260924T160014Z.jpg
0,/mnt/image/image-inbox/0CAM/ID1234_20260924T200013Z.jpg
0,/mnt/image/image-inbox/0CAM/ID1234_20260925T160013Z.jpg
0,/mnt/image/image-inbox/0CAM/ID1234_20260925T200013Z.jpg
0,/mnt/image/image-inbox/0CAM/ID1234_20260926T160013Z.jpg
0,/mnt/image/image-inbox/0CAM/ID1234_20260926T200013Z.jpg
0,/mnt/image/image-inbox/0CAM/ID1234_20260927T160013Z.jpg
0,/mnt/image/image-inbox/0CAM/ID1234_20260928T200014Z.jpg
0,/mnt/image/image-inbox/0CAM/ID1234_20260929T160013Z.jpg
0,/mnt/image/image-inbox/0CAM/ID1234_20260929T200014Z.jpg
0,/mnt/image/image-inbox/0CAM/ID1234_20260927T200013Z.jpg
0,/mnt/image/image-inbox/0CAM/ID1234_20260928T160013Z.jpg
0,/mnt/image/image-inbox/0CAM/ID1234_20260930T160013Z.jpg
0,/mnt/image/image-inbox/0CAM/ID1234_20261001T160014Z.jpg
0,/mnt/image/image-inbox/0CAM/ID1234_20261001T200013Z.jpg
0,/mnt/image/image-inbox/0CAM/ID1234_20261005T200013Z.jpg
0,/mnt/image/image-inbox/0CAM/ID1234_20261004T160012Z.jpg
0,/mnt/image/image-inbox/0CAM/ID1234_20261004T200013Z.jpg
0,/mnt/image/image-inbox/0CAM/ID1234_20261003T160013Z.jpg
0,/mnt/image/image-inbox/0CAM/ID1234_20261002T160013Z.jpg
0,/mnt/image/image-inbox/0CAM/ID1234_20261002T200013Z.jpg
0,/mnt/image/image-inbox/0CAM/ID1234_20261003T200013Z.jpg
0,/mnt/image/image-inbox/0CAM/ID1234_20261006T160012Z.jpg
0,/mnt/image/image-inbox/0CAM/ID1234_20261005T160014Z.jpg
0,/mnt/image/image-inbox/0CAM/ID1234_20261007T023716Z.jpg
0,/mnt/image/image-inbox/0CAM/ID1234_20261006T200012Z.jpg
0,/mnt/image/image-inbox/0CAM/ID1234_20261007T023949Z.jpg
0,/mnt/image/image-inbox/0CAM/ID1234_20261007T023839Z.jpg
0,/mnt/image/image-inbox/0CAM/ID1234_20261007T025048Z.jpg
0,/mnt/image/image-inbox/0CAM/ID1234_20261007T024858Z.jpg
0,/mnt/image/image-inbox/0CAM/ID1234_20261007T025149Z.jpg
0,/mnt/image/image-inbox/0CAM/ID1234_20261007T031904Z.jpg
0,/mnt/image/image-inbox/0CAM/ID1234_20261007T160012Z.jpg
0,/mnt/image/image-inbox/0CAM/ID1234_20261007T201243Z.jpg
0,/mnt/image/image-inbox/0CAM/ID1234_20261007T200013Z.jpg
0,/mnt/image/image-inbox/0CAM/ID1234_20261007T202827Z.jpg
0,/mnt/image/image-inbox/0CAM/ID1234_20261007T202949Z.jpg
0,/mnt/image/image-inbox/0CAM/ID1234_20261007T203554Z.jpg
0,/mnt/image/image-inbox/0CAM/ID1234_20261007T203514Z.jpg
0,/mnt/image/image-inbox/0CAM/ID1234_20261007T204618Z.jpg
0,/mnt/image/image-inbox/0CAM/ID1234_20261007T211635Z.jpg
0,/mnt/image/image-inbox/0CAM/ID1234_20261007T232626Z.jpg
0,/mnt/image/image-inbox/0CAM/ID1234_20261007T233205Z.jpg
0,/mnt/image/image-inbox/0CAM/ID1234_20261007T234129Z.jpg
0,/mnt/image/image-inbox/0CAM/ID1234_20261007T233655Z.jpg
0,/mnt/image/image-inbox/0CAM/ID1234_20261007T234015Z.jpg
0,/mnt/image/image-inbox/0CAM/ID1234_20261007T234813Z.jpg
0,/mnt/image/image-inbox/0CAM/ID1234_20261007T234455Z.jpg
0,/mnt/image/image-inbox/0CAM/ID1234_20261008T001049Z.jpg
0,/mnt/image/image-inbox/0CAM/ID1234_20261008T001730Z.jpg
0,/mnt/image/image-inbox/0CAM/ID1234_20261008T160013Z.jpg
0,/mnt/image/image-inbox/0CAM/ID1234_20261008T200012Z.jpg
